year,pm25_sev
2013,16.57277293474067
2014,17.00636880004243
2015,17.33822490204946
2016,17.60607440867392
2017,18.03384441052476
2018,18.588072753064218
2019,19.23526686845089
2020,19.94030299052148
2021,21.05968331136112
2022,22.76737263192132
