year,asthma_prev_rate
2013,7448.05264584346
2014,7539.99380482363
2015,7586.91809861884
2016,7594.354193798
2017,7590.9205313108
2018,7580.580353607989
2019,7568.636114394039
2020,7560.26226803386
2021,7577.496852929549
2022,7597.8722998045005
